Track Name,Overall,Embed,Genre,Mood,Tempo
Poker Face,Indie/Alt,I love driving,Indie/Alt,Eurodance,I love driving
,I love driving,Indie/Alt,Steel Horse,I love driving,Indie/Alt
,Electroswing,Electroswing,I love driving,Electroswing,Escape the Machine
,Eurodance,Eurodance,I've Got To Drive Fast,Soft Rock,Synth
,Steel Horse,Escape the Machine,Escape the Machine,Indie/Alt,Relaxed Pop

Hung Up,Escape the Machine,Indie/Alt,Steel Horse,Synth,Electroswing
,Relaxed Pop,Escape the Machine,I love driving,Escape the Machine,Soft Rock
,Indie/Alt,Relaxed Pop,I've Got To Drive Fast,Jazzy/Slow,Honky Tonk
,I've Got To Drive Fast,I've Got To Drive Fast,Escape the Machine,Relaxed Pop,I've Got To Drive Fast
,Steel Horse,Steel Horse,You Are Part of the Machine,Genuinely sad,Escape the Machine

Bad Boy,Eurodance,Eurodance,Indie/Alt,Steel Horse,Eurodance
,Indie/Alt,Indie/Alt,Eurodance,I've Got To Drive Fast,Steel Horse
,Steel Horse,I love driving,Steel Horse,Honky Tonk,I've Got To Drive Fast
,I've Got To Drive Fast,Escape the Machine,I love driving,Indie/Alt,Electroswing
,Escape the Machine,Steel Horse,I've Got To Drive Fast,Relaxed Pop,Soft Rock

Fake ID,Indie/Alt,Eurodance,Steel Horse,I've Got To Drive Fast,Honky Tonk
,Eurodance,Indie/Alt,I love driving,Steel Horse,Soft Rock
,I've Got To Drive Fast,I love driving,I've Got To Drive Fast,Relaxed Pop,Electroswing
,Relaxed Pop,Electroswing,Escape the Machine,Honky Tonk,Escape the Machine
,Escape the Machine,Escape the Machine,You Are Part of the Machine,Indie/Alt,Indie/Alt

How do you do - Aryan Classic,Eurodance,Eurodance,Eurodance,Eurodance,Eurodance
,Indie/Alt,Indie/Alt,Indie/Alt,Soft Rock,Steel Horse
,I love driving,I love driving,Steel Horse,Indie/Alt,I've Got To Drive Fast
,Steel Horse,I've Got To Drive Fast,I love driving,Honky Tonk,Electroswing
,I've Got To Drive Fast,Steel Horse,I've Got To Drive Fast,I love driving,Soft Rock

I'm so lucky! - Nightcore,Eurodance,Eurodance,Eurodance,Electroswing,Eurodance
,Indie/Alt,I love driving,Indie/Alt,I love driving,Steel Horse
,I love driving,Indie/Alt,Steel Horse,Eurodance,I've Got To Drive Fast
,Electroswing,Electroswing,I love driving,Soft Rock,Electroswing
,Steel Horse,Steel Horse,I've Got To Drive Fast,Indie/Alt,Soft Rock

Around the World (La La La La La),Eurodance,Eurodance,Indie/Alt,Honky Tonk,Steel Horse
,Indie/Alt,Indie/Alt,Eurodance,Indie/Alt,I've Got To Drive Fast
,Steel Horse,I love driving,Steel Horse,Soft Rock,Eurodance
,I've Got To Drive Fast,Steel Horse,I love driving,Steel Horse,Electroswing
,I love driving,I've Got To Drive Fast,I've Got To Drive Fast,I've Got To Drive Fast,Soft Rock

Vamos a la Playa,Eurodance,Eurodance,Steel Horse,Electroswing,Steel Horse
,I love driving,I love driving,I love driving,I love driving,I've Got To Drive Fast
,Electroswing,Indie/Alt,I've Got To Drive Fast,Eurodance,Eurodance
,Indie/Alt,Electroswing,Escape the Machine,Soft Rock,Electroswing
,Steel Horse,I've Got To Drive Fast,You Are Part of the Machine,Indie/Alt,Soft Rock

How do you do - Aryan classic,Eurodance,Eurodance,Steel Horse,Eurodance,Eurodance
,Indie/Alt,Indie/Alt,I love driving,Soft Rock,Steel Horse
,I love driving,I love driving,I've Got To Drive Fast,Indie/Alt,I've Got To Drive Fast
,Steel Horse,I've Got To Drive Fast,Escape the Machine,Honky Tonk,Electroswing
,I've Got To Drive Fast,Steel Horse,You Are Part of the Machine,I love driving,Soft Rock

All I Ever Wanted - Radio Edit,Eurodance,Eurodance,Indie/Alt,Relaxed Pop,Eurodance
,Indie/Alt,Indie/Alt,Eurodance,Jazzy/Slow,Steel Horse
,Escape the Machine,I love driving,Steel Horse,Escape the Machine,I've Got To Drive Fast
,I've Got To Drive Fast,Escape the Machine,I love driving,I've Got To Drive Fast,Electroswing
,Steel Horse,I've Got To Drive Fast,I've Got To Drive Fast,Steel Horse,Soft Rock

Bumble Bee,Eurodance,Eurodance,Indie/Alt,Electroswing,Eurodance
,Indie/Alt,I love driving,Eurodance,I love driving,Steel Horse
,I love driving,Indie/Alt,Steel Horse,Eurodance,I've Got To Drive Fast
,Electroswing,Electroswing,I love driving,Soft Rock,Electroswing
,Steel Horse,Steel Horse,I've Got To Drive Fast,Indie/Alt,Soft Rock

Better Off Alone,Eurodance,Synth,Indie/Alt,I love driving,Eurodance
,Indie/Alt,Eurodance,Eurodance,Electroswing,Steel Horse
,I love driving,Indie/Alt,Steel Horse,Eurodance,I've Got To Drive Fast
,Electroswing,I love driving,I love driving,Soft Rock,Electroswing
,Steel Horse,Escape the Machine,I've Got To Drive Fast,Indie/Alt,Soft Rock

HÃ¤schenparty,Eurodance,I love driving,Eurodance,I love driving,I've Got To Drive Fast
,Indie/Alt,Eurodance,Indie/Alt,Electroswing,Electroswing
,I love driving,Electroswing,Steel Horse,Eurodance,Soft Rock
,Electroswing,Indie/Alt,I love driving,Soft Rock,Honky Tonk
,I've Got To Drive Fast,Relaxed Pop,I've Got To Drive Fast,Indie/Alt,Steel Horse

DotA - Radio Edit,Eurodance,Eurodance,Indie/Alt,Jazzy/Slow,Eurodance
,Indie/Alt,Indie/Alt,Eurodance,Escape the Machine,Steel Horse
,Escape the Machine,Steel Horse,Steel Horse,Relaxed Pop,I've Got To Drive Fast
,I've Got To Drive Fast,I've Got To Drive Fast,I love driving,I've Got To Drive Fast,Electroswing
,Steel Horse,Escape the Machine,I've Got To Drive Fast,Steel Horse,Soft Rock

Kiss Me Again - Radio Edit,Eurodance,Eurodance,Eurodance,Electroswing,Eurodance
,Indie/Alt,I love driving,Indie/Alt,I love driving,Steel Horse
,I love driving,Indie/Alt,Steel Horse,Eurodance,I've Got To Drive Fast
,Electroswing,Electroswing,I love driving,Soft Rock,Electroswing
,Steel Horse,Steel Horse,I've Got To Drive Fast,Indie/Alt,Soft Rock

L'Amour Toujours,Eurodance,Eurodance,Eurodance,Eurodance,Eurodance
,Indie/Alt,Indie/Alt,Indie/Alt,Soft Rock,Steel Horse
,I love driving,I love driving,Steel Horse,Indie/Alt,I've Got To Drive Fast
,Electroswing,Electroswing,I love driving,Honky Tonk,Electroswing
,Steel Horse,I've Got To Drive Fast,I've Got To Drive Fast,I love driving,Soft Rock

I Don't Know - Radio Mix,Eurodance,Eurodance,Eurodance,Electroswing,I've Got To Drive Fast
,Indie/Alt,I love driving,Indie/Alt,I love driving,Steel Horse
,I love driving,Indie/Alt,Steel Horse,Eurodance,Electroswing
,Electroswing,Electroswing,I love driving,Soft Rock,Soft Rock
,Steel Horse,I've Got To Drive Fast,I've Got To Drive Fast,Indie/Alt,Honky Tonk

27 Kids,I love driving,Eurodance,Steel Horse,Electroswing,And the void looked back
,Eurodance,I love driving,I love driving,I love driving,Genuinely sad
,Electroswing,Indie/Alt,I've Got To Drive Fast,Eurodance,You Are Part of the Machine
,Indie/Alt,Electroswing,Escape the Machine,Soft Rock,Jazzy/Slow
,Steel Horse,Steel Horse,You Are Part of the Machine,Indie/Alt,Relaxed Pop

I've Been a Fool,Relaxed Pop,Indie/Alt,Steel Horse,Relaxed Pop,And the void looked back
,Indie/Alt,Relaxed Pop,I love driving,Jazzy/Slow,Genuinely sad
,Escape the Machine,I love driving,I've Got To Drive Fast,I've Got To Drive Fast,You Are Part of the Machine
,I've Got To Drive Fast,I've Got To Drive Fast,Escape the Machine,Escape the Machine,Jazzy/Slow
,Steel Horse,Escape the Machine,You Are Part of the Machine,Steel Horse,Relaxed Pop

Please Don't Mind,I love driving,I love driving,Steel Horse,Electroswing,And the void looked back
,Electroswing,Indie/Alt,I love driving,I love driving,Genuinely sad
,Eurodance,Eurodance,I've Got To Drive Fast,Eurodance,You Are Part of the Machine
,Indie/Alt,Electroswing,Escape the Machine,Soft Rock,Jazzy/Slow
,Steel Horse,I've Got To Drive Fast,You Are Part of the Machine,Indie/Alt,Relaxed Pop

Bad Bad News,Indie/Alt,Eurodance,Steel Horse,Honky Tonk,Electroswing
,Eurodance,Indie/Alt,I love driving,Steel Horse,Soft Rock
,I love driving,I love driving,I've Got To Drive Fast,Indie/Alt,Honky Tonk
,I've Got To Drive Fast,Electroswing,Escape the Machine,I've Got To Drive Fast,I've Got To Drive Fast
,Steel Horse,Relaxed Pop,You Are Part of the Machine,Soft Rock,Escape the Machine

Beyond The Pale,Indie/Alt,Indie/Alt,Steel Horse,I've Got To Drive Fast,And the void looked back
,Relaxed Pop,I love driving,I love driving,Steel Horse,Genuinely sad
,I've Got To Drive Fast,Eurodance,I've Got To Drive Fast,Relaxed Pop,You Are Part of the Machine
,Escape the Machine,Escape the Machine,Escape the Machine,Honky Tonk,Jazzy/Slow
,Steel Horse,Electroswing,You Are Part of the Machine,Indie/Alt,Relaxed Pop

